Title,Questions,Answer Form
Task Performed by AI Application,Please explain the task the AI application needs to perform.,Free-Form
End Goal,Describe the end goal of your AI application,Free-Form
Target User Groups & Demographics,"What group of users is the AI application targeting (i.e., target user groups)? Are there any demographic characteristics (e.g., age, nationality, gender, etc.) of each of the target user group?",List+Description
Client-Target User Relationship,What is your relationship to the target users of the AI application?,Free-Form
Domain Metrics,"What metrics do you or others in the domain currently use to monitor the performance of the existing algorithms or humans in the use case you intend to target with the AI application? If the metric is not obvious from its name, please provide a brief description.",List+Description
Domain Metric Measurement Method,How do you or others in the field measure the domain metrics?,Fill-in Table
Current Domain Metric Value,What values can the existing algorithms or methods achieve on each of the domain metrics?,Fill-in Table
Target Domain Metric Value,What values do you aim to achieve on each of the domain metrics with the AI application?,Fill-in Table
Domain Metric Importance Rank,Please rank the domain metrics based on their importance (1 being the most important). Please leave the ranks blank for the domain metrics that are not important.,Fill-in Table
Critical Error Types,Are there specific types of errors that could be more harmful than others? Please elaborate.,Free-Form
(Optional) AI Metrics,"If you know, what AI metrics can AI experts use to monitor the performance of their algorithm during development?",List
(Optional) Target AI Metric Value,"If you know, what values do you aim to achieve on each of the AI metrics with the AI application?",Fill-in Table
Total Dataset Size,Approximately how many entries would you expect there would be in the final dataset?,Free-Form
Size of Dataset in Possession,Approximately how many entries do you already possess in your dataset?,Free-Form
Additional Dataset Size,Approximately how many additional entries would you expect to gather for the final dataset?,Free-Form
Inputs & Descriptions,"What inputs will the AI application receive from the users? If the input is not obvious from its name, please provide a description.",List+Description
Input Value Format,What is the format of the input?,Fill-in Table
Outputs (Labels) & Descriptions,"What outputs (labels) will the AI application generate? If the output is not obvious from its name, please provide a description.",List+Description
Output Format,What is the format of the output (label)?,Fill-in Table
Dataset Collection Method,"How did you/would you collect the data? If you are aware of the tools you used/would use (e.g., machinery) or the environments in which the data is/would be collected, please elaborate.",Free-Form
Labeling Process,How did you/would you collect/generate the output labels (the expected ‘correct’ answers given by the system)?,Free-Form
Input-Output Correlation,Please describe noteworthy correlations between the input and the output labels.,Fill-in Table
Importance of Input on Output Prediction,"Based on your knowledge about the domain, what do you expect as the most relevant inputs or aspects of the data in predicting or generating the output label?",Fill-in Table
Data Distribution,"Please provide any insights on the distribution of the data (e.g., time of collection, location of collection, other characteristics.).",Free-Form
(Optional) Data Anomalies,"If any, please explain expected anomalies in the data (e.g., missing data, bad measurements).",Free-Form
AI Model Requests,"Do you have any requests on the specific class of AI model (e.g, GPT/LLM, deep learning, transformers) you would like to use for the AI application?",Free-Form
Frequency of Input,How frequently do you expect inputs to enter into the system?,Free-Form
Scope of Input to Handle,"What range of inputs should the AI model be able to handle, especially if in terms of abnormal inputs or variations in input styles?",Free-Form
AI Application Runtime,"Given an input, how fast should the AI application produce its output?",Free-Form
Concurrent Uses,How many inputs do you expect the system would take at the same time?,Free-Form
Explainability Needs,"Do you need the system to be explainable, meaning, do you need to understand the reasoning process of the AI model?",Free-Form
Government Regulations on AI Use,"Are there any legal concerns related to local governent regulations on employing AI? If so, please elaborate.",Free-Form
Organizational Restrictions on AI Use,Does your organization have any policies that restrict AI experts from using specific frameworks or AI models?,Free-Form
Why AI?,Do you have particular reasons for choosing to implement AI?,Free-Form
Interest in Non-AI Solution,"If the available data and the setup of the problem suggest that a non-AI solution could be less expensive and perform just as well as an AI solution, would you be interested in exploring non-AI options?
",Free-Form
Project Budget,What is your budget for development?,Free-Form
Resources Available During Training,"What level of computing resources are you able to offer the AI developer for their work? Specifically, are you able to provide GPUs (graphics processing units), and if so, what kind? Alternatively, can you provide other forms of cloud computing resources?",Free-Form
Operational Cost Constraint,What budget do you have allocated for maintenance costs?,Free-Form
Deployment Resources & Platform,"Upon deployment, what framework and computing resources will the AI application operate on?",Free-Form
Current Target User Workflow,"In your own words, please describe the current workflow of the target user without the AI application.  ",Free-Form
Difficulties in Current Workflow,What challenges have you (or the target users) encountered during the workflow that led you to search for an AI-based solution?,Free-Form
Expected Changes in Workflow with AI,How would the introduction of the AI application change the target user workflow?,Free-Form
External Factors & Description,What external factors that are not part of the dataset can affect the model? Please elaborate.,List+Description
Effects of External Factors,What effects does each of the external factors have on the model?,Fill-in Table
Prior AI Application Development Attempts,Have you made any prior attempts to build the AI application? Please elaborate.,List+Description
Reasons for Failed Attempts,"If there were previous attempts, why is there a need for an another attempt?",Free-Form
Deliverables & Descriptions,What deliverables do you expect from the AI expert?,List+Description
Milestones & Descriptions,What key milestones are you expecting to achieve in this project? Please elaborate on the milestones.,List+Description
Milestone Target Date,What are the target dates for the project's milestones?,Fill-in Table
Milestone Importance,How important are the milestones?,Fill-in Table
Milestone Urgency & Expedited Processing,"If you on a tight schedule, which milestones need to be prioritized? Note that there may be additional costs from expedited processing.",Free-Form
Project Purpose,"What is the nature of the project? For example, is it for building a research prototype, personal use, internal organizational use, or meant for public deployment?",Free-Form
Consequences of Malfunction,What are the major consequences if the AI application doesn't work correctly?,Free-Form
Client Organization Characteristics,What specific characteristics of your organization should the AI expert be aware of?,Free-Form
Related Work,"If you know of any relevant research papers or efforts from other organizations related to this project, please share them.",List+Description
Additional Information,Is there any other information you think the AI expert should know about?,Free-Form