,Total Dataset Size,Size of Dataset in Possession,Additional Dataset Size,Inputs & Descriptions,Input Value Format,Outputs (Labels) & Descriptions,Output Format,Dataset Collection Method,Labeling Process,Input-Output Correlation,Importance of Input on Output Prediction,Data Distribution,Data Anomalies,Government Regulations on Data Use,Organizational Regulations on Data Use
Project Purpose,,,,,,,,,,,,,,,
Consequences of Malfunction,,,,,,,,,,,,,,,
Client Organization Characteristics,,,,,,,,,,,,,,,3
Related Work,,,,,,,,,,,,,,,
Additional Information,,,,,,,,,,,,,,,