,Deliverables & Descriptions,Milestones & Descriptions,Milestone Target Date,Milestone Importance,Milestone Urgency & Expedited Processing
Total Dataset Size,,,,,
Size of Dataset in Possession,,,,,
Additional Dataset Size,,,,,
Inputs & Descriptions,,,,,
Input Value Format,,,,,
Outputs (Labels) & Descriptions,,,,,
Output Format,,,,,
Dataset Collection Method,,,,,
Labeling Process,,,,,
Input-Output Correlation,,,,,
Importance of Input on Output Prediction,,,,,
Data Distribution,,,,,
Data Anomalies,,,,,
Government Regulations on Data Use,,,,,
Organizational Regulations on Data Use,,,,,