,Total Dataset Size,Size of Dataset in Possession,Additional Dataset Size,Inputs & Descriptions,Input Value Format,Outputs (Labels) & Descriptions,Output Format,Dataset Collection Method,Labeling Process,Input-Output Correlation,Importance of Input on Output Prediction,Data Distribution,Data Anomalies,Government Regulations on Data Use ,Organizational Regulations on Data Use 
Total Dataset Size,,3,3,,,,,,,,,,,,
Size of Dataset in Possession,,,,,,,,,,,,,,,
Additional Dataset Size,3,3,,,,,,,,,,,,,
Inputs & Descriptions,,,,,,3,,3,,,,,,3,3
Input Value Format,,,,1,,,,3,,,,3,,,
Outputs (Labels) & Descriptions,,,,,,,,,,,,,,3,3
Output Format,,,,,,1,,3,,,,3,,,
Dataset Collection Method,,,,3,3,,,,,,,,,3,3
Labeling Process,,,,,,1,3,3,,,,,,3,3
Input-Output Correlation,,,,1,,1,,,,,3,,,,
Importance of Input on Output Prediction,,,,1,,1,,,,3,,,,,
Data Distribution,,,,3,3,,3,3,,,,,,,
Data Anomalies,,,,,,,,3,3,,,,,,
Government Regulations on Data Use ,,,,3,,3,,,,,,,,,
Organizational Regulations on Data Use,,,,3,,3,,,,,,,,,