,Task Performed by AI Application,End Goal,Target User Groups & Demographics,Client-Target User Relationship,Domain Metrics,Domain Metric Measurement Method,Current Domain Metric Value,Target Domain Metric Value,Domain Metric Importance Rank,Critical Error Types,AI Metrics,Target AI Metric Value
Total Dataset Size,,,,,,,,,,,,
Size of Dataset in Possession,,,,,,,,,,,,
Additional Dataset Size,,,,,,,,,,,,
Inputs & Descriptions,3,,,,,,,,,,,
Input Value Format,3,,,,,,,,,,,
Outputs (Labels) & Descriptions,3,,,,3,,,,,,3,
Output Format,3,,,,3,,,,,,3,
Dataset Collection Method,,,,,,,,,,,,
Labeling Process,,,,,,,,,,,,
Input-Output Correlation,,,,,,,,,,,,
Importance of Input on Output Prediction,,,,,,,,,,,,
Data Distribution,,,3,,,,,,,,,
Data Anomalies,,,,,,,,,,,,
Government Regulations on Data Use,3,3,3,,,,,,,,,
Organizational Restrictions on Data Use,3,3,3,,,,,,,,,