,Project Budget,Resources Available During Training,Operational Cost Constraint,Deployment Resources & Platform
Total Dataset Size,,,,
Size of Dataset in Possession,,,,
Additional Dataset Size,3,,,
Inputs & Descriptions,,,,
Input Value Format,,,,
Outputs (Labels) & Descriptions,,,,
Output Format,,,,
Dataset Collection Method,3,,,
Labeling Process,3,,,
Input-Output Correlation,,,,
Importance of Input on Output Prediction,,,,
Data Distribution,,,,
Data Anomalies,,,,
Government Regulations on Data Use ,,,,3
Organizational Regulations on Data Use,,,,3