,Project Purpose,Consequences of Malfunction,Client Organization Characteristics,Related Work,Additional Information
Total Dataset Size,,,,3,
Size of Dataset in Possession,,,,3,
Additional Dataset Size,,,,,
Inputs & Descriptions,,,,3,
Input Value Format,,,,3,
Outputs (Labels) & Descriptions,,,,3,
Output Format,,,,3,
Dataset Collection Method,3,,3,3,
Labeling Process,3,,3,3,
Input-Output Correlation,,,,,
Importance of Input on Output Prediction,,,,,
Data Distribution,,,,,
Data Anomalies,,,,,
Government Regulations on Data Use,3,3,3,,
Organizational Regulations on Data Use,3,3,3,,