,Current Target User Workflow,Difficulties in Current Workflow,Expected Changes in Workflow with AI,External Factors & Description,Effects of External Factors,Prior AI Application Development Attempts,Reasons for Failed Attempts
Total Dataset Size,,,,,,3,
Size of Dataset in Possession,,,,,,3,
Additional Dataset Size,,,,,,3,3
Inputs & Descriptions,,,,,,3,
Input Value Format,,,,,,3,
Outputs (Labels) & Descriptions,,,,,,3,
Output Format,,,,,,3,
Dataset Collection Method,3,,,,,3,3
Labeling Process,3,,,,,3,3
Input-Output Correlation,,,,,,,
Importance of Input on Output Prediction,,,,,,,
Data Distribution,3,,,3,,,3
Data Anomalies,,,,3,,,3
Government Regulations on Data Use,,,,,,,
Organizational Regulations on Data Use,,,,,,,