,AI Model Requests,Frequency of Input,Scope of Input to Handle,AI Application Runtime,Concurrent Uses,Explainability Needs,Government Regulations on AI Use,Organizational Restrictions on AI Use,Why AI?,Interest in Non-AI Solution
Total Dataset Size,3,,,,,,,,,
Size of Dataset in Possession,,,,,,,,,,
Additional Dataset Size,,,,,,,,,,
Inputs & Descriptions,,,,,,,,,,
Input Value Format,3,,,,,,,,,
Outputs (Labels) & Descriptions,,,,,,3,,,,
Output Format,3,,,,,,,,,
Dataset Collection Method,,,3,,,,,,,
Labeling Process,,,,,,,,,,
Input-Output Correlation,,,,,,,,,,
Importance of Input on Output Prediction,,,,,,,,,,
Data Distribution,,,3,,,,,,,
Data Anomalies,,,,,,,,,,
Government Regulations on Data Use,,,,,,,,,,
Organizational Regulations on Data Use,,,,,,,,,,