,AI Model Requests,Frequency of Input,Scope of Input to Handle,AI Application Runtime,Concurrent Uses,Explainability Needs,Government Regulations on AI Use,Organizational Restrictions on AI Use,Why AI?,Interest in Non-AI Solution
Current Target User Workflow,,,,,,,,,,
Difficulties in Current Workflow,,,,,,,,,,
Expected Changes in Workflow with AI,,,,3,,,3,3,,
External Factors & Description,,,,,,,,,,
Effects of External Factors,,,,,,,,,,
Prior AI Application Development Attempts,,,,,,,,,,
Reasons for Failed Attempts,,,,,,,,,,