,Total Dataset Size,Size of Dataset in Possession,Additional Dataset Size,Inputs & Descriptions,Input Value Format,Outputs (Labels) & Descriptions,Output Format,Dataset Collection Method,Labeling Process,Input-Output Correlation,Importance of Input on Output Prediction,Data Distribution,Data Anomalies,Government Regulations on Data Use,Organizational Regulations on Data Use
Current Target User Workflow,,,,,,,,,,,,,,,
Difficulties in Current Workflow,,,,,,,,,,,,,,,
Expected Changes in Workflow with AI,,,,,,,,,,,,,,,
External Factors & Description,,,,,,,,3,,,,,,,
Effects of External Factors,,,,,,,,3,,,,,,,
Prior AI Application Development Attempts,,,,,,,,,,,,,,,
Reasons for Failed Attempts,,,,,,,,,,,,,,,