,Task Performed by AI Application,End Goal,Target User Groups & Demographics,Client-Target User Relationship,Domain Metrics,Domain Metric Measurement Method,Current Domain Metric Value,Target Domain Metric Value,Domain Metric Importance Rank,Critical Error Types,AI Metrics,Target AI Metric Value
Current Target User Workflow,,,1,,,,,,,,,
Difficulties in Current Workflow,,,1,,,,3,,,,,
Expected Changes in Workflow with AI,3,3,1,,3,,,,3,,,
External Factors & Description,,,3,,,,,,,,,
Effects of External Factors,,,3,,,,,,,,,
Prior AI Application Development Attempts,,,,,,,,,,,,
Reasons for Failed Attempts,,,,,,,,,,,,