,Current Target User Workflow,Difficulties in Current Workflow,Expected Changes in Workflow with AI,External Factors & Description,Effects of External Factors,Prior AI Application Development Attempts,Reasons for Failed Attempts
Current Target User Workflow,,,,,,,
Difficulties in Current Workflow,1,,3,,,,
Expected Changes in Workflow with AI,1,3,,,,,
External Factors & Description,3,,,,,,3
Effects of External Factors,,,,1,,,3
Prior AI Application Development Attempts,,,,,,,
Reasons for Failed Attempts,,,,,,1,