,Deliverables & Descriptions,Milestones & Descriptions,Milestone Target Date,Milestone Importance,Milestone Urgency & Expedited Processing
Task Performed by AI Application,,,,,
End Goal,,,,,
Target User Groups & Demographics,,,,,
Client-Target User Relationship,,,,,
Domain Metrics,,,,,
Domain Metric Measurement Method,,,,,
Current Domain Metric Value,,,,,
Target Domain Metric Value,,,,,
Domain Metric Importance Rank,,,,,
Critical Error Types,,,,,
AI Metrics,,,,,
Target AI Metric Value,,,,,