,Task Performed by AI Application,End Goal,Target User Groups & Demographics,Client-Target User Relationship,Domain Metrics,Domain Metric Measurement Method,Current Domain Metric Value,Target Domain Metric Value,Domain Metric Importance Rank,Critical Error Types,AI Metrics,Target AI Metric Value
Task Performed by AI Application,,3,3,,3,,,,,,3,
End Goal,3,,3,,3,,,,,,,
Target User Groups & Demographics,3,3,,,,,,,,,,
Client-Target User Relationship,,,1,,,,,,,,,
Domain Metrics,3,3,3,,,,,,,3,3,
Domain Metric Measurement Method,,,3,3,1,,,,,,,
Current Domain Metric Value,3,,,,1,,,,,,,
Target Domain Metric Value,,,3,,1,,3,,3,,,3
Domain Metric Importance Rank,3,3,3,,1,,,,,3,,
Critical Error Types,3,3,3,,,,,,,,,
AI Metrics,3,3,3,,3,,,,3,3,,
Target AI Metric Value,3,,3,,,,3,3,,,1,