,Project Purpose,Consequences of Malfunction,Client Organization Characteristics,Related Work,Additional Information
Task Performed by AI Application,,,,,
End Goal,3,3,,,
Target User Groups & Demographics,3,,3,,
Client-Target User Relationship,3,,3,,
Domain Metrics,,3,,3,
Domain Metric Measurement Method,,,,3,
Current Domain Metric Value,,,,,
Target Domain Metric Value,3,,,3,
Domain Metric Importance Rank,3,3,,3,
Critical Error Types,,3,,,
AI Metrics,,3,,3,
Target AI Metric Value,3,,,3,