,AI Model Requests,Frequency of Input,Scope of Input to Handle,AI Application Runtime,Concurrent Uses,Explainability Needs,Government Regulations on AI Use,Organizational Restrictions on AI Use,Why AI?,Interest in Non-AI Solution
Task Performed by AI Application,,,,,,,3,3,3,
End Goal,,,,,,,3,3,3,
Target User Groups & Demographics,,,,,,,3,3,,
Client-Target User Relationship,,,,,,,,,,
Domain Metrics,,,,,,,,,,
Domain Metric Measurement Method,,,,,,,,,,
Current Domain Metric Value,,,,,,,,,,
Target Domain Metric Value,,,,,,,,,,
Domain Metric Importance Rank,,,,,,,,,,
Critical Error Types,,,,,,,,,,
AI Metrics,3,,,,,,,,,
Target AI Metric Value,3,,,,,,,,,