,Total Dataset Size,Size of Dataset in Possession,Additional Dataset Size,Inputs & Descriptions,Input Value Format,Outputs (Labels) & Descriptions,Output Format,Dataset Collection Method,Labeling Process,Input-Output Correlation,Importance of Input on Output Prediction,Data Distribution,Data Anomalies,Government Regulations on Data Use,Organizational Restrictions on Data Use
Task Performed by AI Application,,,,3,,3,,,,3,,,,3,3
End Goal,,,,,,,,,,,,,,3,3
Target User Groups & Demographics,,,,,,,,,,,,,,3,3
Client-Target User Relationship,,,,,,,,,,,,,,,
Domain Metrics,,,,,,3,3,,,,,,,,
Domain Metric Measurement Method,,,,,,,,,,,,,,,
Current Domain Metric Value,,,,,,,,,,,,,,,
Target Domain Metric Value,,,,,,,,,,,,,,,
Domain Metric Importance Rank,,,,,,,,,,,,,,,
Critical Error Types,,,,,,,,,,,,,,,
AI Metrics,,,,,,3,3,,,,,,,,
Target AI Metric Value,,,,,,,,,,,,,,,