,Current Target User Workflow,Difficulties in Current Workflow,Expected Changes in Workflow with AI,External Factors & Description,Effects of External Factors,Prior AI Application Development Attempts,Reasons for Failed Attempts
Task Performed by AI Application,,3,,,,,
End Goal,3,3,3,,,3,
Target User Groups & Demographics,,,,,,,
Client-Target User Relationship,,,,,,,
Domain Metrics,3,3,3,,,3,
Domain Metric Measurement Method,3,,,,,,
Current Domain Metric Value,,,,,,,
Target Domain Metric Value,,,3,,,3,
Domain Metric Importance Rank,3,3,3,,,3,
Critical Error Types,,,,,,,3
AI Metrics,,,,,,3,
Target AI Metric Value,,,,,,3,