,Task Performed by AI Application,End Goal,Target User Groups & Demographics,Client-Target User Relationship,Domain Metrics,Domain Metric Measurement Method,Current Domain Metric Value,Target Domain Metric Value,Domain Metric Importance Rank,Critical Error Types,AI Metrics,Target AI Metric Value
AI Model Requests,,,,,,,,,,3,,3
Frequency of Input,,,,,,,,,,,,
Scope of Input to Handle,,1,3,,,,,,,,,
AI Application Runtime,,3,,,,,,,,,,
Concurrent Uses,,3,3,,,,,,,,,
Explainability Needs,,3,3,,,,,,,3,,
Government Regulations on AI Use,3,3,3,,,,,,,,,
Organizational Restrictions on AI Use,3,3,3,,,,,,,,,
Why AI?,,3,,,,,,,,,,
Interest in Non-AI Solution,,3,,,,,,,,,,