,Current Target User Workflow,Difficulties in Current Workflow,Expected Changes in Workflow with AI,External Factors & Description,Effects of External Factors,Prior AI Application Development Attempts,Reasons for Failed Attempts
AI Model Requests,,,,,,3,
Frequency of Input,3,,3,,,,
Scope of Input to Handle,3,,3,,,,3
AI Application Runtime,3,,3,,,,3
Concurrent Uses,3,,3,,,,
Explainability Needs,3,,3,,,,
Government Regulations on AI Use,3,,3,,,,
Organizational Restrictions on AI Use,3,,3,,,,
Why AI?,,3,3,,,3,
Interest in Non-AI Solution,,3,,,,,3