,AI Model Requests,Frequency of Input,Scope of Input to Handle,AI Application Runtime,Concurrent Uses,Explainability Needs,Government Regulations on AI Use,Organizational Restrictions on AI Use,Why AI?,Interest in Non-AI Solution
AI Model Requests,,,3,3,,3,3,3,,
Frequency of Input,,,,,,,,,,
Scope of Input to Handle,3,,,,,,,,,
AI Application Runtime,3,,,,,,,,,
Concurrent Uses,,,,,,,,,,
Explainability Needs,3,,,,,,,,,
Government Regulations on AI Use,3,,,,,,,,,
Organizational Restrictions on AI Use,3,,,,,,3,,,
Why AI?,,,,,,,,,,3
Interest in Non-AI Solution,,,,,,,,,,