,Total Dataset Size,Size of Dataset in Possession,Additional Dataset Size,Inputs & Descriptions,Input Value Format,Outputs (Labels) & Descriptions,Output Format,Dataset Collection Method,Labeling Process,Input-Output Correlation,Importance of Input on Output Prediction,Data Distribution,Data Anomalies
AI Model Requests,3,,,3,3,3,3,,,,,,
Frequency of Input,,,,,,,,,,,,,
Scope of Input to Handle,,,,3,,,,3,,,,3,
AI Application Runtime,,,,,,,,,,,,,
Concurrent Uses,,,,,,,,,,,,,
Explainability Needs,,,,,,,,,,,,,
Government Regulations on AI Use,,,,,,,,,,,,,
Organizational Restrictions on AI Use,,,,,,,,,,,,,
Why AI?,,,,,,,,,,,,,
Interest in Non-AI Solution,,,,,,,,,,,,,